{
  "wormwood": 4,
  "ragweed": 2,
  "birch": 0,
  "gdd": {
    "birch": 1697.1000000000008,
    "wormwood": 1621.9000000000005,
    "ragweed": 1621.9000000000005
  },
  "phaseNote": {
    "ru": "Активное пыление",
    "kk": "Белсенді тозаңдану"
  }
}
